Actual_FCF,RF_Predicted_FCF,XGB_Predicted_FCF,RF_Error,XGB_Error
780808.9479700001,746711.1730927036,836773.75,34097.77487729653,-55964.802029999904
34008.23499999999,38223.221443708644,27669.832,-4214.986443708651,6338.402968749993
2743056.013201288,2132953.781452268,2.4843575e+06,610102.23174902,258698.51320128795
196956.84,148030.70243261373,143843.98,48926.137567386264,53112.855625
-468357.6081,-390768.6034775879,-300876.1,-77589.00462241209,-167481.51435
-126865.37829739811,-161179.49023411708,-343234.75,34314.11193671897,216369.3717026019
327751.01353,415712.09453676286,340900.06,-87961.08100676286,-13149.048970000003
80124.68630999999,104351.90865862546,28912.627,-24227.222348625466,51212.05935687499
-685610.7429999998,-631494.6332275706,-714752.75,-54116.10977242922,29142.007000000216
365366.5266290509,295402.5207342921,224284.19,69964.0058947588,141082.3391290509
71773.16351069562,94507.50222258565,91975.68,-22734.33871189003,-20202.516176804376
376965.226345786,354690.14975951763,374057.47,22275.076586268377,2907.75759578601
186589.79536232213,129154.59735401622,163255.62,57435.1980083059,23334.170362322126
-1081539.8600000008,-430093.3610451251,-308260.1,-651446.4989548756,-773279.7662500008
8648.191703247372,-148960.62101226952,-195186.8,157608.8127155169,203834.98857824737
581961.919,599308.7418103867,560269.9,-17346.822810386657,21692.043999999994
316252.392,290593.37049236556,307377.25,25659.021507634432,8875.141999999993
-1165663.8531999993,-901005.5127778624,-897106.4,-264658.34042213694,-268557.4781999993
-287517.797,-320122.68197858636,-444723.22,32604.884978586342,157205.42174999998
-1162105.5509999995,-898202.9466349902,-1.0486144e+06,-263902.60436500935,-113491.17599999951
385436.822,350455.820771194,324366.56,34981.00122880598,61070.259499999986
-1358058.664453427,-617149.2474350967,-691292.25,-740909.4170183304,-666766.4144534271
23323.79799999966,111852.19749813748,56091.645,-88528.39949813782,-32767.84653125034
6494.794883505776,70828.92528032525,24861.484,-64334.13039681947,-18366.689491494224
-662361.0869999999,-607848.8354086651,-582645.44,-54512.25159133482,-79715.64949999994
147937.99026060943,122985.21783401539,139405.94,24952.772426594034,8532.052760609426
-480048.6873000003,-495987.749524103,-460845.12,15939.06222410273,-19203.56230000028
184717.745,180695.21402183594,197894.6,4022.5309781640535,-13176.848750000005
1062848.174,1072430.8966118756,776891.75,-9582.722611875506,285956.4240000001
99378.38000000012,98285.99297139431,161874.42,1092.3870286058082,-62496.04187499988
131751.402,145942.8623211558,160367.02,-14191.460321155784,-28615.613624999998
286201.2896583399,293135.8556145577,282161.78,-6934.565956217761,4039.508408339927
126281.97296987496,110233.51418593597,110795.78,16048.458783938986,15486.191719874958
728574.0007875916,750972.4567809477,656388.1,-22398.455993356183,72185.87578759156
-26723.7966,96698.6600647385,-29231.627,-123422.4566647385,2507.8303531249985
-199346.15592,-274331.5691936299,-236509.02,74985.4132736299,37162.85970500001
408778.2594479321,542251.8330419434,489636.06,-133473.57359401125,-80857.80305206787
2322852.367,2232438.9636511686,2.2941715e+06,90413.40334883146,28680.867000000086
83578.45300000001,77799.73974055682,69726.16,5778.71325944319,13852.296750000009
735823.4829999998,660004.4306470214,647375.7,75819.05235297838,88447.79549999977
863437.8470473774,759927.9292441343,961369.5,103509.91780324304,-97931.65295262262
-1283899.5670000005,-1081618.6141240494,-619699.25,-202280.95287595107,-664200.3170000005
1436609.851522917,1705159.001730545,1.6013512e+06,-268549.15020762803,-164741.39847708307
348985.6750000002,647271.0371162426,562440.94,-298285.36211624235,-213455.26249999978
-641961.909,-559083.0526052708,-563774.06,-82878.85639472923,-78187.84649999999
372028.35399999993,380045.61326987663,582821.94,-8017.259269876697,-210793.58350000007
106833.0,112148.14606154879,112402.35,-5315.146061548789,-5569.3515625
-202531.56433,-50152.46888611688,-189048.23,-152379.0954438831,-13483.329954999994
116732.57,89866.15295434196,113598.31,26866.417045658047,3134.257500000007
36385.153058816926,28487.439218114218,42461.812,7897.713840702709,-6076.659441183074
-12853.865927128509,74742.11368589921,-26688.992,-87595.97961302772,13835.126260371491
-758620.4381444032,-639880.2640648399,-640888.7,-118740.17407956324,-117731.75064440316
256597.36020445608,184696.48428266912,218940.72,71900.87592178697,37656.64145445608
0.0,24911.962512949136,6796.906,-24911.962512949136,-6796.90576171875
47365.52391661644,48710.96426619983,28969.61,-1345.4403495833903,18395.91454161644
-284773.32404296123,-363246.3856713396,-106210.57,78473.06162837835,-178562.75373046123
831458.4770377644,736642.3179351438,694768.56,94816.15910262056,136689.9145377644
89740.23999999996,119125.44168247328,129519.23,-29385.201682473315,-39778.98656250004
-335189.40475000005,-278093.518626835,-311599.0,-57095.88612316502,-23590.404750000045
327982.0812456967,333367.20398416894,458049.3,-5385.122738472244,-130067.2312543033
170604.40700000004,140001.27871443136,160689.22,30603.128285568673,9915.188250000036
2058329.9393975928,1642110.161948098,1.4997408e+06,416219.7774494947,558589.1893975928
159203.43515,133497.98878626426,164742.23,25705.44636373574,-5538.799224999995
477501.0399783125,590475.4213006106,737664.6,-112974.38132229814,-260163.5850216875
263839.096,240016.05528297066,244186.11,23823.040717029362,19652.98662500002
651.9129918726394,16544.30691698488,46978.56,-15892.39392511224,-46326.64560187736
-1227541.675342187,-854387.7882849743,-919454.56,-373153.88705721276,-308087.11284218705
-1856.335200000005,70096.04439339039,42184.45,-71952.37959339039,-44040.78441875
-162680.68715999986,-86769.72070696455,166309.56,-75910.9664530353,-328990.24965999986
-76168.44499999972,-60886.421682110165,-37105.637,-15282.02331788955,-39062.808281249716
288136.9298380422,509865.6431756101,344995.53,-221728.71333756793,-56858.60141195782
-478831.1343824998,-507370.0443575437,-302651.16,28538.909975043905,-176179.9781324998
394069.3844712593,527307.7891442176,627581.3,-133238.4046729583,-233511.9280287407
388835.1010000001,395995.1504580686,254677.6,-7160.0494580685045,134157.50725000008
35020.98556,24022.613203373305,-88573.55,10998.372356626696,123594.532435
119958.56223564246,104300.69653736951,128493.15,15657.865698272944,-8534.586201857543
-87243.93511029497,31970.608663693376,-69395.11,-119214.54377398835,-17848.825735294973
1468791.4688700675,1777573.7295360595,1.334304e+06,-308782.26066599204,134487.4688700675
462684.841,363538.773715537,446208.06,99146.06728446303,16476.778500000015
-67249.95566000015,53216.14518838022,23025.541,-120466.10084838037,-90275.49667562515
-304414.8018600001,251175.48003450592,-62193.305,-555590.2818945061,-242221.49717250012
426175.96339999983,445632.6247565911,433983.53,-19456.66135659127,-7807.567850000167
65931.0467567284,90948.94065011559,82727.43,-25017.893893387183,-16796.382930771593
111314.0,124686.60596840843,112583.72,-13372.605968408432,-1269.71875
-925226.7662373144,-662337.3212034026,-357497.5,-262889.44503391185,-567729.2662373144
-127946.09548830774,-31244.19417582253,-81411.11,-96701.9013124852,-46534.986113307736
